{
	"isValidationSAPLogonTicket": true,
	"PT_HKONT": [{
		"SPRAS": "3",
		"MANDT": "100",
		"SAKNR": "0051010103",
		"TXT50": "프로젝트원가대체",
		"TXT20": "프로젝트원가대체",
		"bpfIndex": 0,
		"KTOPL": "S001",
		"MCOD1": "프로젝트원가대체"
	}, {
		"SPRAS": "3",
		"MANDT": "100",
		"SAKNR": "0051010115",
		"TXT50": "매출원가대체-용역",
		"TXT20": "매출원가대체-용역",
		"bpfIndex": 1,
		"KTOPL": "S001",
		"MCOD1": "매출원가대체-용역"
	}, {
		"SPRAS": "3",
		"MANDT": "100",
		"SAKNR": "0051010141",
		"TXT50": "프로젝트원가대체-조정",
		"TXT20": "프로젝트원가대체-조정",
		"bpfIndex": 2,
		"KTOPL": "S001",
		"MCOD1": "프로젝트원가대체-조정"
	}, {
		"SPRAS": "3",
		"MANDT": "100",
		"SAKNR": "0051030103",
		"TXT50": "재료비-가격차이",
		"TXT20": "재료비-가격차이",
		"bpfIndex": 3,
		"KTOPL": "S001",
		"MCOD1": "재료비-가격차이"
	}, {
		"SPRAS": "3",
		"MANDT": "100",
		"SAKNR": "0051030133",
		"TXT50": "재료비-가설재",
		"TXT20": "재료비-가설재",
		"bpfIndex": 4,
		"KTOPL": "S001",
		"MCOD1": "재료비-가설재"
	}, {
		"SPRAS": "3",
		"MANDT": "100",
		"SAKNR": "0053030105",
		"TXT50": "상여금-휴가상여",
		"TXT20": "상여금-휴가상여",
		"bpfIndex": 5,
		"KTOPL": "S001",
		"MCOD1": "상여금-휴가상여"
	}, {
		"SPRAS": "3",
		"MANDT": "100",
		"SAKNR": "0053090111",
		"TXT50": "복리후생비-자가운전",
		"TXT20": "복리후생비-자가운전",
		"bpfIndex": 6,
		"KTOPL": "S001",
		"MCOD1": "복리후생비-자가운전"
	}, {
		"SPRAS": "3",
		"MANDT": "100",
		"SAKNR": "0053110101",
		"TXT50": "감가상각비-건물",
		"TXT20": "감가상각비-건물",
		"bpfIndex": 7,
		"KTOPL": "S001",
		"MCOD1": "감가상각비-건물"
	}, {
		"SPRAS": "3",
		"MANDT": "100",
		"SAKNR": "0053110103",
		"TXT50": "감가상각비-건물부속설비",
		"TXT20": "감가상각비-건물부속설비",
		"bpfIndex": 8,
		"KTOPL": "S001",
		"MCOD1": "감가상각비-건물부속설비"
	}, {
		"SPRAS": "3",
		"MANDT": "100",
		"SAKNR": "0053110105",
		"TXT50": "감가상각비-구축물",
		"TXT20": "감가상각비-구축물",
		"bpfIndex": 9,
		"KTOPL": "S001",
		"MCOD1": "감가상각비-구축물"
	}, {
		"SPRAS": "3",
		"MANDT": "100",
		"SAKNR": "0053110107",
		"TXT50": "감가상각비-기계장치",
		"TXT20": "감가상각비-기계장치",
		"bpfIndex": 10,
		"KTOPL": "S001",
		"MCOD1": "감가상각비-기계장치"
	}, {
		"SPRAS": "3",
		"MANDT": "100",
		"SAKNR": "0053110109",
		"TXT50": "감가상각비-금형",
		"TXT20": "감가상각비-금형",
		"bpfIndex": 11,
		"KTOPL": "S001",
		"MCOD1": "감가상각비-금형"
	}, {
		"SPRAS": "3",
		"MANDT": "100",
		"SAKNR": "0053110111",
		"TXT50": "감가상각비-선박",
		"TXT20": "감가상각비-선박",
		"bpfIndex": 12,
		"KTOPL": "S001",
		"MCOD1": "감가상각비-선박"
	}, {
		"SPRAS": "3",
		"MANDT": "100",
		"SAKNR": "0053110113",
		"TXT50": "감가상각비-항공기",
		"TXT20": "감가상각비-항공기",
		"bpfIndex": 13,
		"KTOPL": "S001",
		"MCOD1": "감가상각비-항공기"
	}, {
		"SPRAS": "3",
		"MANDT": "100",
		"SAKNR": "0053110115",
		"TXT50": "감가상각비-차량운반구",
		"TXT20": "감가상각비-차량운반구",
		"bpfIndex": 14,
		"KTOPL": "S001",
		"MCOD1": "감가상각비-차량운반구"
	}, {
		"SPRAS": "3",
		"MANDT": "100",
		"SAKNR": "0053110117",
		"TXT50": "감가상각비-공구기구",
		"TXT20": "감가상각비-공구기구",
		"bpfIndex": 15,
		"KTOPL": "S001",
		"MCOD1": "감가상각비-공구기구"
	}, {
		"SPRAS": "3",
		"MANDT": "100",
		"SAKNR": "0053110119",
		"TXT50": "감가상각비-비품가구",
		"TXT20": "감가상각비-비품가구",
		"bpfIndex": 16,
		"KTOPL": "S001",
		"MCOD1": "감가상각비-비품가구"
	}, {
		"SPRAS": "3",
		"MANDT": "100",
		"SAKNR": "0053110121",
		"TXT50": "감가상각비-동물",
		"TXT20": "감가상각비-동물",
		"bpfIndex": 17,
		"KTOPL": "S001",
		"MCOD1": "감가상각비-동물"
	}, {
		"SPRAS": "3",
		"MANDT": "100",
		"SAKNR": "0053110123",
		"TXT50": "감가상각비-식물",
		"TXT20": "감가상각비-식물",
		"bpfIndex": 18,
		"KTOPL": "S001",
		"MCOD1": "감가상각비-식물"
	}, {
		"SPRAS": "3",
		"MANDT": "100",
		"SAKNR": "0053110125",
		"TXT50": "감가상각비-임차자산개량권",
		"TXT20": "감가상각비-임차자산개량권",
		"bpfIndex": 19,
		"KTOPL": "S001",
		"MCOD1": "감가상각비-임차자산개량권"
	}, {
		"SPRAS": "3",
		"MANDT": "100",
		"SAKNR": "0053110127",
		"TXT50": "감가상각비-전산장비",
		"TXT20": "감가상각비-전산장비",
		"bpfIndex": 20,
		"KTOPL": "S001",
		"MCOD1": "감가상각비-전산장비"
	}, {
		"SPRAS": "3",
		"MANDT": "100",
		"SAKNR": "0053110129",
		"TXT50": "감가상각비-경보기기",
		"TXT20": "감가상각비-경보기기",
		"bpfIndex": 21,
		"KTOPL": "S001",
		"MCOD1": "감가상각비-경보기기"
	}, {
		"SPRAS": "3",
		"MANDT": "100",
		"SAKNR": "0053110131",
		"TXT50": "감가상각비-경보설비",
		"TXT20": "감가상각비-경보설비",
		"bpfIndex": 22,
		"KTOPL": "S001",
		"MCOD1": "감가상각비-경보설비"
	}, {
		"SPRAS": "3",
		"MANDT": "100",
		"SAKNR": "0053110151",
		"TXT50": "감가상각비-대수선",
		"TXT20": "감가상각비-대수선",
		"bpfIndex": 23,
		"KTOPL": "S001",
		"MCOD1": "감가상각비-대수선"
	}, {
		"SPRAS": "3",
		"MANDT": "100",
		"SAKNR": "0053110177",
		"TXT50": "감가상각비-기타유형자산",
		"TXT20": "감가상각비-기타유형자산",
		"bpfIndex": 24,
		"KTOPL": "S001",
		"MCOD1": "감가상각비-기타유형자산"
	}, {
		"SPRAS": "3",
		"MANDT": "100",
		"SAKNR": "0053110301",
		"TXT50": "감가상각비-투자부동산-건물",
		"TXT20": "감가상각비-투자부동산-건물",
		"bpfIndex": 25,
		"KTOPL": "S001",
		"MCOD1": "감가상각비-투자부동산-건물"
	}, {
		"SPRAS": "3",
		"MANDT": "100",
		"SAKNR": "0053110501",
		"TXT50": "감가상각비-금융리스-건물",
		"TXT20": "감가상각비-금융리스-건물",
		"bpfIndex": 26,
		"KTOPL": "S001",
		"MCOD1": "감가상각비-금융리스-건물"
	}, {
		"SPRAS": "3",
		"MANDT": "100",
		"SAKNR": "0053110503",
		"TXT50": "감가상각비-금융리스-건물부속설비",
		"TXT20": "감가상각비-금융리스-건물부속설비",
		"bpfIndex": 27,
		"KTOPL": "S001",
		"MCOD1": "감가상각비-금융리스-건물부속설비"
	}, {
		"SPRAS": "3",
		"MANDT": "100",
		"SAKNR": "0053110505",
		"TXT50": "감가상각비-금융리스-구축물",
		"TXT20": "감가상각비-금융리스-구축물",
		"bpfIndex": 28,
		"KTOPL": "S001",
		"MCOD1": "감가상각비-금융리스-구축물"
	}, {
		"SPRAS": "3",
		"MANDT": "100",
		"SAKNR": "0053110507",
		"TXT50": "감가상각비-금융리스-기계장치",
		"TXT20": "감가상각비-금융리스-기계장치",
		"bpfIndex": 29,
		"KTOPL": "S001",
		"MCOD1": "감가상각비-금융리스-기계장치"
	}, {
		"SPRAS": "3",
		"MANDT": "100",
		"SAKNR": "0053110509",
		"TXT50": "감가상각비-금융리스-금형",
		"TXT20": "감가상각비-금융리스-금형",
		"bpfIndex": 30,
		"KTOPL": "S001",
		"MCOD1": "감가상각비-금융리스-금형"
	}, {
		"SPRAS": "3",
		"MANDT": "100",
		"SAKNR": "0053110511",
		"TXT50": "감가상각비-금융리스-선박",
		"TXT20": "감가상각비-금융리스-선박",
		"bpfIndex": 31,
		"KTOPL": "S001",
		"MCOD1": "감가상각비-금융리스-선박"
	}, {
		"SPRAS": "3",
		"MANDT": "100",
		"SAKNR": "0053110513",
		"TXT50": "감가상각비-금융리스-항공기",
		"TXT20": "감가상각비-금융리스-항공기",
		"bpfIndex": 32,
		"KTOPL": "S001",
		"MCOD1": "감가상각비-금융리스-항공기"
	}, {
		"SPRAS": "3",
		"MANDT": "100",
		"SAKNR": "0053110515",
		"TXT50": "감가상각비-금융리스-차량운반구",
		"TXT20": "감가상각비-금융리스-차량운반구",
		"bpfIndex": 33,
		"KTOPL": "S001",
		"MCOD1": "감가상각비-금융리스-차량운반구"
	}, {
		"SPRAS": "3",
		"MANDT": "100",
		"SAKNR": "0053110517",
		"TXT50": "감가상각비-금융리스-공구기구",
		"TXT20": "감가상각비-금융리스-공구기구",
		"bpfIndex": 34,
		"KTOPL": "S001",
		"MCOD1": "감가상각비-금융리스-공구기구"
	}, {
		"SPRAS": "3",
		"MANDT": "100",
		"SAKNR": "0053110519",
		"TXT50": "감가상각비-금융리스-비품가구",
		"TXT20": "감가상각비-금융리스-비품가구",
		"bpfIndex": 35,
		"KTOPL": "S001",
		"MCOD1": "감가상각비-금융리스-비품가구"
	}, {
		"SPRAS": "3",
		"MANDT": "100",
		"SAKNR": "0053110521",
		"TXT50": "감가상각비-금융리스-전산장비",
		"TXT20": "감가상각비-금융리스-전산장비",
		"bpfIndex": 36,
		"KTOPL": "S001",
		"MCOD1": "감가상각비-금융리스-전산장비"
	}, {
		"SPRAS": "3",
		"MANDT": "100",
		"SAKNR": "0053110523",
		"TXT50": "감가상각비-금융리스-경보기기",
		"TXT20": "감가상각비-금융리스-경보기기",
		"bpfIndex": 37,
		"KTOPL": "S001",
		"MCOD1": "감가상각비-금융리스-경보기기"
	}, {
		"SPRAS": "3",
		"MANDT": "100",
		"SAKNR": "0053110525",
		"TXT50": "감가상각비-금융리스-경보설비",
		"TXT20": "감가상각비-금융리스-경보설비",
		"bpfIndex": 38,
		"KTOPL": "S001",
		"MCOD1": "감가상각비-금융리스-경보설비"
	}, {
		"SPRAS": "3",
		"MANDT": "100",
		"SAKNR": "0053110577",
		"TXT50": "감가상각비-금융리스-기타유형자산",
		"TXT20": "감가상각비-금융리스-기타유형자산",
		"bpfIndex": 39,
		"KTOPL": "S001",
		"MCOD1": "감가상각비-금융리스-기타유형자산"
	}, {
		"SPRAS": "3",
		"MANDT": "100",
		"SAKNR": "0053112597",
		"TXT50": "감가상각비-배부",
		"TXT20": "감가상각비-배부",
		"bpfIndex": 40,
		"KTOPL": "S001",
		"MCOD1": "감가상각비-배부"
	}, {
		"SPRAS": "3",
		"MANDT": "100",
		"SAKNR": "0053170101",
		"TXT50": "가설재손료",
		"TXT20": "가설재손료",
		"bpfIndex": 41,
		"KTOPL": "S001",
		"MCOD1": "가설재손료"
	}, {
		"SPRAS": "3",
		"MANDT": "100",
		"SAKNR": "0053230105",
		"TXT50": "유틸리티비-가스",
		"TXT20": "유틸리티비-가스",
		"bpfIndex": 42,
		"KTOPL": "S001",
		"MCOD1": "유틸리티비-가스"
	}, {
		"SPRAS": "3",
		"MANDT": "100",
		"SAKNR": "0053290109",
		"TXT50": "통신비-회선가입비",
		"TXT20": "통신비-회선가입비",
		"bpfIndex": 43,
		"KTOPL": "S001",
		"MCOD1": "통신비-회선가입비"
	}, {
		"SPRAS": "3",
		"MANDT": "100",
		"SAKNR": "0053310135",
		"TXT50": "세금과공과-부가가치세",
		"TXT20": "세금과공과-부가가치세",
		"bpfIndex": 44,
		"KTOPL": "S001",
		"MCOD1": "세금과공과-부가가치세"
	}, {
		"SPRAS": "3",
		"MANDT": "100",
		"SAKNR": "0053350301",
		"TXT50": "지급수수료-수출입수수료-환가료",
		"TXT20": "지급수수료-수출입수수료-환가료",
		"bpfIndex": 45,
		"KTOPL": "S001",
		"MCOD1": "지급수수료-수출입수수료-환가료"
	}, {
		"SPRAS": "3",
		"MANDT": "100",
		"SAKNR": "0053370123",
		"TXT50": "임차료-가설재",
		"TXT20": "임차료-가설재",
		"bpfIndex": 46,
		"KTOPL": "S001",
		"MCOD1": "임차료-가설재"
	}, {
		"SPRAS": "3",
		"MANDT": "100",
		"SAKNR": "0053510101",
		"TXT50": "임가공비-가공",
		"TXT20": "임가공비-가공",
		"bpfIndex": 47,
		"KTOPL": "S001",
		"MCOD1": "임가공비-가공"
	}, {
		"SPRAS": "3",
		"MANDT": "100",
		"SAKNR": "0053510103",
		"TXT50": "임가공비-조립",
		"TXT20": "임가공비-조립",
		"bpfIndex": 48,
		"KTOPL": "S001",
		"MCOD1": "임가공비-조립"
	}, {
		"SPRAS": "3",
		"MANDT": "100",
		"SAKNR": "0053510105",
		"TXT50": "임가공비-설치공사",
		"TXT20": "임가공비-설치공사",
		"bpfIndex": 49,
		"KTOPL": "S001",
		"MCOD1": "임가공비-설치공사"
	}, {
		"SPRAS": "3",
		"MANDT": "100",
		"SAKNR": "0053510107",
		"TXT50": "임가공비-도장",
		"TXT20": "임가공비-도장",
		"bpfIndex": 50,
		"KTOPL": "S001",
		"MCOD1": "임가공비-도장"
	}, {
		"SPRAS": "3",
		"MANDT": "100",
		"SAKNR": "0053510177",
		"TXT50": "임가공비-기타",
		"TXT20": "임가공비-기타",
		"bpfIndex": 51,
		"KTOPL": "S001",
		"MCOD1": "임가공비-기타"
	}, {
		"SPRAS": "3",
		"MANDT": "100",
		"SAKNR": "0053512197",
		"TXT50": "임가공비-배부",
		"TXT20": "임가공비-배부",
		"bpfIndex": 52,
		"KTOPL": "S001",
		"MCOD1": "임가공비-배부"
	}, {
		"SPRAS": "3",
		"MANDT": "100",
		"SAKNR": "0053911111",
		"TXT50": "건설가제비대체",
		"TXT20": "건설가제비대체",
		"bpfIndex": 53,
		"KTOPL": "S001",
		"MCOD1": "건설가제비대체"
	}, {
		"SPRAS": "3",
		"MANDT": "100",
		"SAKNR": "0056090101",
		"TXT50": "확정계약평가이익",
		"TXT20": "확정계약평가이익",
		"bpfIndex": 54,
		"KTOPL": "S001",
		"MCOD1": "확정계약평가이익"
	}, {
		"SPRAS": "3",
		"MANDT": "100",
		"SAKNR": "0056170103",
		"TXT50": "매도가능증권처분이익",
		"TXT20": "매도가능증권처분이익",
		"bpfIndex": 55,
		"KTOPL": "S001",
		"MCOD1": "매도가능증권처분이익"
	}, {
		"SPRAS": "3",
		"MANDT": "100",
		"SAKNR": "0056170301",
		"TXT50": "단기매매증권평가이익",
		"TXT20": "단기매매증권평가이익",
		"bpfIndex": 56,
		"KTOPL": "S001",
		"MCOD1": "단기매매증권평가이익"
	}, {
		"SPRAS": "3",
		"MANDT": "100",
		"SAKNR": "0056170501",
		"TXT50": "매도가능증권손상차손환입",
		"TXT20": "매도가능증권손상차손환입",
		"bpfIndex": 57,
		"KTOPL": "S001",
		"MCOD1": "매도가능증권손상차손환입"
	}, {
		"SPRAS": "3",
		"MANDT": "100",
		"SAKNR": "0056210301",
		"TXT50": "생물자산평가이익",
		"TXT20": "생물자산평가이익",
		"bpfIndex": 58,
		"KTOPL": "S001",
		"MCOD1": "생물자산평가이익"
	}, {
		"SPRAS": "3",
		"MANDT": "100",
		"SAKNR": "0056450101",
		"TXT50": "염가매수차익-염가매수차익",
		"TXT20": "염가매수-염가매수차익",
		"bpfIndex": 59,
		"KTOPL": "S001",
		"MCOD1": "염가매수차익-염가매수차익"
	}, {
		"SPRAS": "3",
		"MANDT": "100",
		"SAKNR": "0056450103",
		"TXT50": "염가매수차익-기타포괄손익-지분증권",
		"TXT20": "염가매수-기타포괄-지분증권",
		"bpfIndex": 60,
		"KTOPL": "S001",
		"MCOD1": "염가매수차익-기타포괄손익-지분증권"
	}, {
		"SPRAS": "3",
		"MANDT": "100",
		"SAKNR": "0056450105",
		"TXT50": "염가매수차익-기타포괄손익-해외사업환산손익",
		"TXT20": "염가매수-기타포괄-해외사업환산손익",
		"bpfIndex": 61,
		"KTOPL": "S001",
		"MCOD1": "염가매수차익-기타포괄손익-해외사업환산손익"
	}, {
		"SPRAS": "3",
		"MANDT": "100",
		"SAKNR": "0056450107",
		"TXT50": "염가매수차익-기타포괄손익-파생상품평가손익",
		"TXT20": "염가매수-기타포괄-파생상품평가손익",
		"bpfIndex": 62,
		"KTOPL": "S001",
		"MCOD1": "염가매수차익-기타포괄손익-파생상품평가손익"
	}, {
		"SPRAS": "3",
		"MANDT": "100",
		"SAKNR": "0056450177",
		"TXT50": "염가매수차익-기타포괄손익-기타",
		"TXT20": "염가매수-기타포괄-기타",
		"bpfIndex": 63,
		"KTOPL": "S001",
		"MCOD1": "염가매수차익-기타포괄손익-기타"
	}, {
		"SPRAS": "3",
		"MANDT": "100",
		"SAKNR": "0058070101",
		"TXT50": "확정계약평가손실",
		"TXT20": "확정계약평가손실",
		"bpfIndex": 64,
		"KTOPL": "S001",
		"MCOD1": "확정계약평가손실"
	}, {
		"SPRAS": "3",
		"MANDT": "100",
		"SAKNR": "0058130103",
		"TXT50": "매도가능증권처분손실",
		"TXT20": "매도가능증권처분손실",
		"bpfIndex": 65,
		"KTOPL": "S001",
		"MCOD1": "매도가능증권처분손실"
	}, {
		"SPRAS": "3",
		"MANDT": "100",
		"SAKNR": "0058130301",
		"TXT50": "단기매매증권평가손실",
		"TXT20": "단기매매증권평가손실",
		"bpfIndex": 66,
		"KTOPL": "S001",
		"MCOD1": "단기매매증권평가손실"
	}, {
		"SPRAS": "3",
		"MANDT": "100",
		"SAKNR": "0058130501",
		"TXT50": "매도가능증권손상차손",
		"TXT20": "매도가능증권손상차손",
		"bpfIndex": 67,
		"KTOPL": "S001",
		"MCOD1": "매도가능증권손상차손"
	}, {
		"SPRAS": "3",
		"MANDT": "100",
		"SAKNR": "0058170301",
		"TXT50": "생물자산평가손실",
		"TXT20": "생물자산평가손실",
		"bpfIndex": 68,
		"KTOPL": "S001",
		"MCOD1": "생물자산평가손실"
	}, {
		"SPRAS": "3",
		"MANDT": "100",
		"SAKNR": "0058390107",
		"TXT50": "잡손실-가격보상",
		"TXT20": "잡손실-가격보상",
		"bpfIndex": 69,
		"KTOPL": "S001",
		"MCOD1": "잡손실-가격보상"
	}, {
		"SPRAS": "3",
		"MANDT": "100",
		"SAKNR": "0058400101",
		"TXT50": "사내선물환평가손익-영업거래",
		"TXT20": "사내선물환평가손익-영업거래",
		"bpfIndex": 70,
		"KTOPL": "S001",
		"MCOD1": "사내선물환평가손익-영업거래"
	}],
	"PT_RECENT": [{
		"CODE": "0053050177",
		"bpfIndex": 0,
		"DESCR": "퇴직급여-기타"
	}, {
		"CODE": "0053592797",
		"bpfIndex": 1,
		"DESCR": "광고선전비-배부"
	}, {
		"CODE": "0051010115",
		"bpfIndex": 2,
		"DESCR": "매출원가대체-용역"
	}, {
		"CODE": "0053011301",
		"bpfIndex": 3,
		"DESCR": "급여-잡급"
	}, {
		"CODE": "0051010141",
		"bpfIndex": 4,
		"DESCR": "프로젝트원가대체-조정"
	}, {
		"CODE": "0053110515",
		"bpfIndex": 5,
		"DESCR": "감가상각비-금융리스-차량운반구"
	}, {
		"CODE": "0053430177",
		"bpfIndex": 6,
		"DESCR": "회의비-기타"
	}, {
		"CODE": "0051010101",
		"bpfIndex": 7,
		"DESCR": "생산완료-공정출고"
	}, {
		"CODE": "0051010103",
		"bpfIndex": 8,
		"DESCR": "프로젝트원가대체"
	}, {
		"CODE": "0053270101",
		"bpfIndex": 9,
		"DESCR": "여비교통비-시내교통비"
	}],
	"PT_CCTR": null,
	"PE_MSG": "",
	"RST_CD": "S",
	"PE_BUDGET": "",
	"PE_BUDGET_TXT": ""
}